oygenTarget,predicted_oygen,error,speed,verticalSpeed,idleUpwardSpeed,lifeTime,RemoveHealthEveryLifeTime,removeHealthWithCollide,timeBetweenCollides,healHealthPoint,factorForce
10%,11.53,1.531,18.227,25.525,0.500,0.808,4.450,9.255,1.192,5.646,0.000
20%,19.80,0.200,18.516,26.539,0.380,0.896,4.133,9.175,1.277,5.747,0.000
30%,29.80,0.196,18.648,27.691,0.420,0.968,3.737,9.190,1.357,5.800,0.000
40%,39.55,0.449,19.006,29.195,0.461,1.063,3.397,9.146,1.426,5.944,0.000
50%,49.56,0.435,19.142,30.088,0.500,1.199,2.968,8.945,1.510,5.990,0.000
60%,59.56,0.439,19.335,31.124,0.549,1.389,2.517,8.923,1.576,6.080,0.000
70%,69.55,0.447,19.626,32.432,0.602,1.583,2.056,8.771,1.672,6.179,0.000
80%,79.54,0.455,19.800,33.941,0.657,1.759,1.545,8.762,1.784,6.312,0.000
90%,89.80,0.200,20.130,35.760,0.716,1.931,0.988,8.655,1.895,6.404,0.000
