trial_id,speed,verticalSpeed,idleUpwardSpeed,lifeTime,RemoveHealthEveryLifeTime,removeHealthWithCollide,timeBetweenCollides,healHealthPoint,factor_force,o2_run1,o2_run2,o2_run3,o2_run4,o2_run5,o2_run6,o2_run7,o2_run8,o2_run9,o2_run10,o2_run11,o2_run12,o2_run13,o2_run14,o2_run15,o2_run16,o2_run17,o2_run18,o2_run19,o2_run20,o2_run21,o2_run22,o2_run23,o2_run24,o2_run25,o2_run26,o2_run27,o2_run28,o2_run29,o2_run30,o2_run31,o2_run32,o2_run33,o2_run34,o2_run35,o2_run36,o2_run37,o2_run38,o2_run39,o2_run40,o2_run41,o2_run42,o2_run43,o2_run44,o2_run45,o2_run46
1,15,30,0.01,2,2,5,2,10,3,70.4,80,80,78,80,80,80,80,80,85,75,80,85,80,80,80,80,,75,82,80,92,82,85,82,87,82,80,80.0,80.0,80.0,85.0,78.0,80.0,85.0,85.0,82.0,80.0,90.0,80.0,80.0,80.0,85.0,80.0,85.0,80.0
2,12,35,0.5,1.5,3.5,8,1,5,2.5,40.8,44,54.5,46.5,36.5,28.5,20.5,28.5,48,48,36.5,44.5,28.5,36.5,36.5,,40,,40,36.5,,48,49,56,,48,36.5,,40.0,22.5,56.0,36.5,40.0,32.0,44.5,48.0,56.0,56.0,48.0,48.0,36.5,40.0,36.5,36.5,56.0,40.0
3,22,28,0.3,1,3,9,1.5,4,3.5,,75.8,53,62,56,50,47,47,44,53,53,62,50,62,44,,44,,41,53,,62,,65,,47,44,,53.0,62.0,53.0,,35.0,56.0,59.0,44.0,65.0,53.0,59.0,65.0,41.0,53.0,26.0,26.0,44.0,53.0
4,18,38,0.8,0.8,1,10,1.1,3,4,,64.6,83,82,61,72,62,71,62,62,72,60,62,52,62,,72,,62,72,,,,72,,61,62,,72.0,83.0,83.0,,72.0,82.0,73.0,72.0,63.0,73.0,83.0,72.0,72.0,62.0,39.0,50.0,62.0,62.0
5,14,40,0.1,1.2,4,12,1.2,6,5,,,,56,34,60,46,26,26,22,26,10,30,6,10,,6,,26,26,,,,30,,14,,,26.0,38.0,38.0,,10.0,10.0,38.0,22.0,22.0,26.0,38.0,38.0,22.0,38.0,,14.0,10.0,2.0
6,16,25,0.5,1.3,1.1,15,2.2,7,6.5,,,,,,,,,,,,,,,,,,,,,,,,,,,,
7,20,32,0.2,0.9,0.8,9,1.8,12,5.5,,,,,,,,,,,,,,,,,,,,,,,,,,,,
8,24,45,0.8,2,1.8,13,3.5,4,5,,,,,,,,,,,,,,,,,,,,,,,,,,,,
9,25,20,1,0.8,0.5,6,1.2,15,6,,,,,,,,,,,,,,,,,,,,,,,,,,,,
10,17,30,0.05,1.6,1.3,7,2.8,6,2,,,,,,,,,,,,,,,,,,,,,,,,,,,,
